{"cameraMode":{"drawMode":0,"name":"Shaded","section":"Shading Mode"},"sceneLighting":true,"audioPlay":false,"sceneViewState":{"m_AlwaysRefresh":false,"showFog":true,"showSkybox":true,"showFlares":true,"showImageEffects":true,"showParticleSystems":true,"showVisualEffectGraphs":true,"m_FxEnabled":true},"in2DMode":false,"pivot":{"x":0.5161784887313843,"y":-0.2363644540309906,"z":-0.08891010284423828},"rotation":{"x":0.007258525583893061,"y":0.7836487889289856,"z":0.00916292890906334,"w":-0.6211032271385193},"size":1.2416085004806519,"orthographic":true}